Team,Possession,Shots on target,Shots,Touches,Passes,Tackles,Clearances,Corners,Offsides,Goal,Year,Home,Result
AFC Bournemouth,58.4,2,11,747,548,14,16,6,3,0,2015,1,0
Aston Villa,41.6,3,7,604,391,24,39,3,4,1,2015,0,1
Chelsea,52.0,3,11,635,433,16,14,4,2,2,2015,1,2
Swansea City,48.0,10,17,616,399,22,29,8,4,2,2015,0,2
Everton,66.6,5,10,774,558,14,25,8,4,2,2015,1,2
Watford,33.4,5,11,510,286,25,53,2,1,2,2015,0,2
Leicester City,44.0,8,20,544,342,19,21,6,0,4,2015,1,1
Sunderland,56.0,5,11,636,442,19,14,3,1,2,2015,0,0
Manchester United,50.0,1,9,675,487,21,30,1,1,1,2015,1,1
Tottenham Hotspur,50.0,4,9,679,487,26,20,2,2,0,2015,0,0
Norwich City,62.9,6,17,652,470,20,26,1,4,1,2015,1,0
Crystal Palace,37.1,7,11,450,272,14,34,4,2,3,2015,0,1
Arsenal,61.8,6,22,781,556,12,18,5,3,0,2015,1,0
West Ham United,38.2,4,8,538,359,21,25,4,1,2,2015,0,1
Newcastle United,56.3,4,9,698,485,13,24,6,0,2,2015,1,2
Southampton,43.7,4,14,606,389,18,32,6,3,2,2015,0,2
Stoke City,47.0,1,7,607,412,25,16,3,3,0,2015,1,0
Liverpool,53.0,3,8,676,478,19,33,5,2,1,2015,0,1
West Bromwich Albion,30.9,2,9,502,328,17,21,6,2,0,2015,1,0
Manchester City,69.1,7,20,921,764,10,21,6,0,3,2015,0,1
Aston Villa,45.6,1,5,630,441,22,13,3,4,0,2015,1,0
Manchester United,54.4,2,9,728,534,24,37,5,3,1,2015,0,1
Southampton,54.4,4,17,660,458,18,19,9,1,0,2015,1,0
Everton,45.6,4,10,590,393,14,32,9,2,3,2015,0,1
Sunderland,43.9,2,6,575,386,31,20,6,2,1,2015,1,0
Norwich City,56.1,6,18,726,490,15,34,6,1,3,2015,0,1
Swansea City,65.8,6,19,827,635,19,18,4,3,2,2015,1,1
Newcastle United,34.2,2,4,496,333,19,18,4,1,0,2015,0,0
Tottenham Hotspur,53.2,7,13,687,500,16,17,4,3,2,2015,1,2
Stoke City,46.8,7,15,634,430,19,15,3,3,2,2015,0,2
Watford,63.9,5,16,721,498,15,20,2,1,0,2015,1,2
West Bromwich Albion,36.1,0,6,479,285,24,39,4,2,0,2015,0,2
West Ham United,69.8,3,10,756,553,15,22,8,1,1,2015,1,0
Leicester City,30.2,5,10,435,242,25,36,4,1,2,2015,0,1
Crystal Palace,40.8,4,11,600,376,18,35,6,3,1,2015,1,0
Arsenal,59.2,7,20,792,564,27,36,6,2,2,2015,0,1
Manchester City,49.2,8,18,615,423,17,23,5,1,3,2015,1,1
Chelsea,50.8,3,10,644,443,20,25,1,3,0,2015,0,0
Liverpool,54.9,2,18,716,492,24,36,6,1,1,2015,1,1
AFC Bournemouth,45.1,2,13,612,387,22,23,8,0,0,2015,0,0
Crystal Palace,49.9,6,16,535,357,15,21,6,4,2,2015,1,1
Aston Villa,50.1,2,11,548,363,13,24,4,0,1,2015,0,0
Leicester City,34.8,2,13,454,265,19,15,2,1,1,2015,1,2
Tottenham Hotspur,65.2,6,19,715,523,11,41,7,0,1,2015,0,2
Manchester United,69.3,8,20,858,637,17,22,11,4,0,2015,1,2
Newcastle United,30.7,0,7,496,280,20,35,5,2,0,2015,0,2
Norwich City,42.6,7,20,503,326,22,22,9,2,1,2015,1,2
Stoke City,57.4,1,6,640,467,15,18,0,4,1,2015,0,2
Sunderland,39.3,2,10,490,318,25,17,3,4,1,2015,1,2
Swansea City,60.7,9,20,705,494,9,28,4,2,1,2015,0,2
West Ham United,45.8,4,10,570,373,20,15,5,3,3,2015,1,0
AFC Bournemouth,54.2,7,15,659,452,17,37,4,1,4,2015,0,1
Everton,45.7,1,10,608,408,21,24,8,3,0,2015,1,0
Manchester City,54.3,9,16,682,487,17,21,7,2,2,2015,0,1
Watford,52.0,0,13,639,431,15,15,5,4,0,2015,1,2
Southampton,48.0,4,14,613,412,14,28,2,2,0,2015,0,2
West Bromwich Albion,43.9,6,15,543,373,13,15,8,2,2,2015,1,0
Chelsea,56.1,5,15,646,496,9,24,7,1,3,2015,0,1
Arsenal,65.7,5,19,928,667,23,26,7,5,0,2015,1,2
Liverpool,34.3,8,15,577,351,25,36,8,4,0,2015,0,2
Aston Villa,62.0,6,21,772,523,20,27,5,0,2,2015,1,2
Sunderland,38.0,3,7,537,329,32,39,4,1,2,2015,0,2
AFC Bournemouth,56.1,2,5,659,435,16,30,4,1,1,2015,1,2
Leicester City,43.9,2,4,550,336,30,17,4,1,1,2015,0,2
Chelsea,63.7,9,26,781,582,16,19,7,0,1,2015,1,0
Crystal Palace,36.3,5,13,534,321,17,45,7,2,2,2015,0,1
Liverpool,62.7,1,13,735,543,12,18,5,1,0,2015,1,0
West Ham United,37.3,5,12,516,326,25,25,7,0,3,2015,0,1
Manchester City,58.7,5,18,841,645,15,17,9,1,2,2015,1,1
Watford,41.3,0,7,634,458,30,23,3,1,0,2015,0,0
Newcastle United,26.3,0,1,456,268,21,33,0,2,0,2015,1,0
Arsenal,73.7,9,22,969,777,21,14,9,2,1,2015,0,1
Stoke City,49.1,5,13,632,446,18,19,6,2,0,2015,1,0
West Bromwich Albion,50.9,5,15,660,455,19,26,5,3,1,2015,0,1
Tottenham Hotspur,49.9,6,20,624,440,25,17,6,3,0,2015,1,2
Everton,50.1,3,8,644,443,17,19,2,1,0,2015,0,2
Southampton,61.1,8,23,733,533,16,19,6,2,3,2015,1,1
Norwich City,38.9,1,6,503,348,14,28,4,0,0,2015,0,0
Swansea City,35.5,4,9,549,365,14,32,0,3,2,2015,1,1
Manchester United,64.5,4,11,830,657,15,20,1,1,1,2015,0,0
Arsenal,67.6,12,29,842,628,18,13,13,3,2,2015,1,1
Stoke City,32.4,3,9,496,305,16,31,1,3,0,2015,0,0
Crystal Palace,42.2,2,10,570,359,17,29,4,5,0,2015,1,0
Manchester City,57.8,7,21,693,498,15,21,4,0,1,2015,0,1
Everton,38.8,9,14,554,351,23,39,7,0,3,2015,1,1
Chelsea,61.2,2,15,749,561,21,12,14,2,1,2015,0,0
Manchester United,55.7,3,9,775,559,23,25,4,2,3,2015,1,1
Liverpool,44.3,4,8,636,446,23,25,4,2,1,2015,0,0
Norwich City,47.7,4,12,604,432,21,15,4,0,3,2015,1,1
AFC Bournemouth,52.3,2,7,663,476,13,15,4,2,1,2015,0,0
Watford,39.2,6,17,520,330,17,27,1,0,1,2015,1,1
Swansea City,60.8,3,8,705,515,8,39,3,6,0,2015,0,0
West Bromwich Albion,35.1,1,8,509,333,20,28,4,1,0,2015,1,2
Southampton,64.9,4,15,816,614,12,20,5,2,0,2015,0,2
Leicester City,48.7,6,21,646,388,32,15,4,1,3,2015,1,1
Aston Villa,51.3,4,11,639,416,29,30,5,1,2,2015,0,0
Sunderland,43.9,2,12,543,313,22,30,6,2,0,2015,1,0
Tottenham Hotspur,56.1,4,15,646,411,26,31,8,0,1,2015,0,1
West Ham United,39.1,3,17,542,314,18,25,6,0,2,2015,1,1
Newcastle United,60.9,4,14,697,477,17,21,7,2,0,2015,0,0
Aston Villa,59.8,3,13,680,451,30,33,2,2,0,2015,1,0
West Bromwich Albion,40.2,6,10,534,303,15,38,7,1,1,2015,0,1
AFC Bournemouth,53.1,5,15,672,463,23,15,7,2,2,2015,1,1
Sunderland,46.9,2,9,619,416,25,18,3,4,0,2015,0,0
Chelsea,62.9,6,22,816,628,23,16,5,0,2,2015,1,1
Arsenal,37.1,2,9,573,360,21,22,5,3,0,2015,0,0
Manchester City,71.5,8,27,905,669,19,17,16,2,1,2015,1,0
West Ham United,28.5,3,6,504,279,20,57,3,2,2,2015,0,1
Newcastle United,57.6,5,15,728,493,19,8,5,4,1,2015,1,0
Watford,42.4,4,13,587,381,29,19,5,1,2,2015,0,1
Stoke City,54.1,4,11,647,432,32,18,3,3,2,2015,1,2
Leicester City,45.9,5,12,597,371,15,33,4,1,2,2015,0,2
Swansea City,47.9,3,12,610,407,21,22,2,3,0,2015,1,2
Everton,52.1,2,17,648,454,17,14,4,1,0,2015,0,2
Liverpool,58.9,7,23,787,579,19,14,6,3,1,2015,1,2
Norwich City,41.1,2,7,591,399,15,27,2,1,1,2015,0,2
Southampton,40.8,8,15,556,382,21,10,5,1,2,2015,1,0
Manchester United,59.2,3,10,742,575,15,31,5,3,3,2015,0,1
Tottenham Hotspur,57.1,6,21,698,436,32,27,6,3,1,2015,1,1
Crystal Palace,42.9,4,12,569,323,31,35,5,3,0,2015,0,0
Leicester City,42.0,7,16,590,360,21,20,6,0,2,2015,1,0
Arsenal,58.0,12,27,782,532,21,46,5,2,5,2015,0,1
Liverpool,62.4,12,21,762,572,27,8,11,3,3,2015,1,1
Aston Villa,37.6,4,10,558,343,18,32,1,1,2,2015,0,0
Manchester United,66.2,7,12,782,604,18,15,5,0,3,2015,1,1
Sunderland,33.8,4,9,473,311,23,18,2,3,0,2015,0,0
Newcastle United,35.5,5,11,516,293,30,25,4,1,2,2015,1,2
Chelsea,64.5,4,16,748,532,27,17,6,3,2,2015,0,2
Southampton,41.5,6,17,564,380,17,25,4,6,3,2015,1,1
Swansea City,58.5,4,11,730,542,7,16,3,3,1,2015,0,0
Stoke City,43.7,5,8,560,383,15,30,3,2,2,2015,1,1
AFC Bournemouth,56.3,6,12,676,488,16,18,7,4,1,2015,0,0
Tottenham Hotspur,46.0,8,15,671,407,28,40,5,5,4,2015,1,1
Manchester City,54.0,8,22,709,478,18,28,9,3,1,2015,0,0
West Ham United,42.9,7,19,565,349,17,22,7,3,2,2015,1,2
Norwich City,57.1,7,16,675,482,16,36,5,0,2,2015,0,2
Watford,55.3,2,15,585,386,14,20,6,4,0,2015,1,0
Crystal Palace,44.7,3,16,512,313,14,50,4,4,1,2015,0,1
West Bromwich Albion,46.0,4,9,589,397,19,22,6,3,2,2015,1,0
Everton,54.0,4,12,672,470,17,37,4,2,3,2015,0,1
Aston Villa,56.3,2,13,711,478,18,17,9,2,0,2015,1,0
Stoke City,43.7,5,12,601,381,27,29,5,2,1,2015,0,1
AFC Bournemouth,54.4,6,12,718,496,10,22,5,4,1,2015,1,2
Watford,45.6,2,11,614,421,18,16,3,1,1,2015,0,2
Chelsea,60.2,3,10,734,551,22,12,4,1,1,2015,1,0
Southampton,39.8,5,13,572,360,19,30,6,3,3,2015,0,1
Crystal Palace,60.4,8,21,689,443,16,32,8,3,2,2015,1,1
West Bromwich Albion,39.6,2,7,496,302,22,35,3,1,0,2015,0,0
Manchester City,64.3,11,23,770,590,20,13,6,1,6,2015,1,1
Newcastle United,35.7,4,6,524,335,24,23,3,3,1,2015,0,0
Norwich City,66.2,2,17,745,486,14,44,16,2,1,2015,1,0
Leicester City,33.8,5,16,491,254,31,40,8,1,2,2015,0,1
Sunderland,44.1,3,12,547,367,25,32,1,2,2,2015,1,2
West Ham United,55.9,6,20,643,440,19,12,8,2,2,2015,0,2
Arsenal,37.8,5,12,606,389,29,28,3,2,3,2015,1,1
Manchester United,62.2,5,9,797,632,22,5,6,3,0,2015,0,0
Everton,50.9,4,14,615,388,27,25,5,1,1,2015,1,2
Liverpool,49.1,4,13,591,372,27,28,11,0,1,2015,0,2
Swansea City,45.6,2,11,610,404,18,21,5,1,2,2015,1,2
Tottenham Hotspur,54.4,11,19,680,483,17,28,6,0,2,2015,0,2
Chelsea,49.0,3,9,634,415,31,24,4,1,2,2015,1,1
Aston Villa,51.0,1,10,673,424,19,27,4,0,0,2015,0,0
Crystal Palace,38.5,1,6,524,326,21,14,1,2,1,2015,1,0
West Ham United,61.5,4,24,733,516,27,20,9,4,3,2015,0,1
Everton,47.2,3,12,656,458,25,21,5,0,0,2015,1,0
Manchester United,52.8,7,10,728,524,23,25,3,1,3,2015,0,1
Manchester City,54.4,11,16,759,566,14,29,1,2,5,2015,1,1
AFC Bournemouth,45.6,1,5,631,451,15,14,7,1,1,2015,0,0
Southampton,50.6,6,14,599,360,15,58,6,1,2,2015,1,2
Leicester City,49.4,7,27,580,342,19,15,7,0,2,2015,0,2
Tottenham Hotspur,48.5,4,13,687,407,41,36,8,2,0,2015,1,2
Liverpool,51.5,3,12,709,441,29,27,6,5,0,2015,0,2
Watford,33.3,1,8,510,306,25,25,3,1,0,2015,1,0
Arsenal,66.7,6,17,857,627,17,31,9,4,3,2015,0,1
West Bromwich Albion,56.2,2,9,636,452,9,18,1,2,1,2015,1,1
Sunderland,43.8,2,9,540,352,24,43,5,5,0,2015,0,0
Newcastle United,44.2,6,11,560,373,13,18,3,3,6,2015,1,1
Norwich City,55.8,6,18,661,463,26,24,7,1,2,2015,0,0
Swansea City,54.1,2,14,765,548,18,21,1,1,0,2015,1,0
Stoke City,45.9,2,9,645,472,32,15,2,2,1,2015,0,1
Arsenal,56.2,5,20,777,527,20,14,7,0,2,2015,1,1
Everton,43.8,5,10,626,404,36,21,5,2,1,2015,0,0
Aston Villa,47.9,3,9,573,377,14,18,4,0,1,2015,1,0
Swansea City,52.1,4,10,611,419,16,22,6,4,2,2015,0,1
Leicester City,47.7,3,12,633,426,21,38,3,2,1,2015,1,1
Crystal Palace,52.3,4,9,652,456,15,14,2,3,0,2015,0,0
Norwich City,60.6,3,16,673,466,8,45,13,4,0,2015,1,0
West Bromwich Albion,39.4,4,7,502,316,10,44,3,0,1,2015,0,1
Stoke City,66.2,0,11,724,526,19,17,11,8,0,2015,1,0
Watford,33.8,3,13,455,269,20,25,5,0,2,2015,0,1
West Ham United,45.5,5,12,561,370,17,21,7,4,2,2015,1,1
Chelsea,54.5,4,9,634,457,18,27,4,5,1,2015,0,0
AFC Bournemouth,45.8,3,11,624,401,29,19,4,3,1,2015,1,0
Tottenham Hotspur,54.2,10,15,691,489,24,24,5,5,5,2015,0,1
Liverpool,60.3,2,15,815,586,23,24,10,4,1,2015,1,2
Southampton,39.7,3,8,607,383,29,33,7,2,1,2015,0,2
Manchester United,58.7,1,6,746,543,19,24,6,2,0,2015,1,2
Manchester City,41.3,1,6,583,386,28,30,4,2,0,2015,0,2
Sunderland,39.7,3,9,495,311,14,25,1,0,3,2015,1,1
Newcastle United,60.3,8,21,647,456,19,9,10,1,0,2015,0,0
Chelsea,42.6,2,8,652,418,35,19,1,3,1,2015,1,0
Liverpool,57.4,7,16,792,567,27,16,7,2,3,2015,0,1
Crystal Palace,44.6,5,10,549,355,20,13,7,0,0,2015,1,2
Manchester United,55.4,1,5,638,456,23,28,3,1,0,2015,0,2
Manchester City,70.8,5,21,929,722,16,27,12,4,2,2015,1,1
Norwich City,29.2,3,5,457,296,15,33,4,0,1,2015,0,0
Newcastle United,52.3,6,15,591,412,15,10,11,4,0,2015,1,2
Stoke City,47.7,2,9,542,388,16,18,4,5,0,2015,0,2
Swansea City,54.2,3,7,716,550,9,10,4,5,0,2015,1,0
Arsenal,45.8,5,14,655,461,16,19,4,1,3,2015,0,1
Watford,50.6,5,20,594,400,17,25,7,3,2,2015,1,1
West Ham United,49.4,3,8,597,397,15,39,2,3,0,2015,0,0
West Bromwich Albion,47.7,6,14,565,330,12,27,6,2,2,2015,1,0
Leicester City,52.3,5,13,560,370,25,27,4,1,3,2015,0,1
Everton,67.4,8,15,859,687,8,21,6,3,6,2015,1,1
Sunderland,32.6,9,17,498,326,19,26,1,2,2,2015,0,0
Southampton,48.5,2,11,666,479,21,28,4,1,2,2015,1,1
AFC Bournemouth,51.5,2,16,703,514,18,21,6,1,0,2015,0,0
Tottenham Hotspur,61.3,6,17,754,530,21,31,4,3,3,2015,1,1
Aston Villa,38.7,2,13,542,325,24,24,3,1,1,2015,0,0
AFC Bournemouth,67.3,5,20,798,582,22,6,16,4,0,2015,1,0
Newcastle United,32.7,1,2,505,300,27,36,0,3,1,2015,0,1
Leicester City,41.3,6,12,578,376,15,23,4,4,2,2015,1,1
Watford,58.7,4,8,740,556,13,26,2,1,1,2015,0,0
Manchester United,67.7,3,13,824,648,15,12,5,1,2,2015,1,1
West Bromwich Albion,32.3,0,4,495,304,21,27,1,0,0,2015,0,0
Norwich City,32.9,5,9,477,338,11,13,5,3,1,2015,1,1
Swansea City,67.1,0,8,852,706,12,15,2,2,0,2015,0,0
Stoke City,36.8,2,8,481,282,15,21,1,3,1,2015,1,1
Chelsea,63.2,4,19,676,488,19,12,9,1,0,2015,0,0
Sunderland,35.8,3,9,521,314,13,52,3,2,0,2015,1,0
Southampton,64.2,5,14,748,551,14,34,7,5,1,2015,0,1
West Ham United,50.8,4,16,617,435,18,16,3,2,1,2015,1,2
Everton,49.2,4,13,601,427,10,24,5,1,1,2015,0,2
Arsenal,54.9,4,10,693,458,35,20,7,1,1,2015,1,2
Tottenham Hotspur,45.1,4,14,613,383,22,35,6,3,1,2015,0,2
Aston Villa,40.7,0,3,583,410,7,30,3,1,0,2015,1,2
Manchester City,59.3,3,13,752,578,16,17,8,1,0,2015,0,2
Liverpool,63.8,4,22,738,499,28,19,14,1,1,2015,1,0
Crystal Palace,36.2,4,9,519,287,25,40,6,2,2,2015,0,1
Chelsea,64.4,7,21,835,606,19,20,6,6,1,2015,1,1
Norwich City,35.6,2,4,531,331,26,34,5,3,0,2015,0,0
Everton,59.9,9,16,783,608,23,13,2,1,4,2015,1,1
Aston Villa,40.1,3,10,581,403,18,15,3,4,0,2015,0,0
Manchester City,58.4,3,11,777,530,16,26,11,1,1,2015,1,0
Liverpool,41.6,9,14,618,390,32,28,5,5,4,2015,0,1
Newcastle United,54.3,1,9,674,454,20,19,4,1,0,2015,1,0
Leicester City,45.7,7,18,608,375,27,16,9,1,3,2015,0,1
Southampton,58.2,1,15,708,517,16,8,7,0,0,2015,1,0
Stoke City,41.8,4,16,585,389,13,38,3,2,1,2015,0,1
Swansea City,42.7,4,11,618,401,17,39,4,0,2,2015,1,2
AFC Bournemouth,57.3,4,16,752,535,11,19,5,5,2,2015,0,2
Watford,43.6,5,10,623,385,28,32,4,1,1,2015,1,0
Manchester United,56.4,6,13,718,499,18,19,10,5,2,2015,0,1
West Bromwich Albion,27.0,1,4,429,246,20,28,3,5,2,2015,1,1
Arsenal,73.0,3,11,872,684,13,17,5,1,1,2015,0,0
Tottenham Hotspur,55.8,12,22,708,484,21,29,7,3,4,2015,1,1
West Ham United,44.2,4,10,618,372,28,26,6,3,1,2015,0,0
Crystal Palace,66.6,7,19,694,452,15,22,11,1,0,2015,1,0
Sunderland,33.4,4,12,481,244,26,66,2,3,1,2015,0,1
Aston Villa,65.1,6,12,750,494,9,30,10,3,2,2015,1,0
Watford,34.9,6,14,464,263,21,35,10,0,3,2015,0,1
AFC Bournemouth,57.3,10,19,774,542,22,21,10,2,3,2015,1,2
Everton,42.7,6,11,625,407,24,27,5,0,3,2015,0,2
Crystal Palace,53.7,8,19,670,449,18,17,7,3,5,2015,1,1
Newcastle United,46.3,2,7,563,394,22,21,5,1,1,2015,0,0
Leicester City,31.1,3,7,482,267,27,26,1,3,1,2015,1,2
Manchester United,68.9,2,10,791,593,20,23,8,1,1,2015,0,2
Manchester City,45.9,9,16,603,390,28,30,6,2,3,2015,1,1
Southampton,54.1,8,12,670,463,18,18,4,6,1,2015,0,0
Sunderland,48.2,5,18,602,436,18,14,9,0,2,2015,1,1
Stoke City,51.8,3,7,644,476,8,23,5,3,0,2015,0,0
Liverpool,53.7,2,10,752,534,24,27,8,0,1,2015,1,1
Swansea City,46.3,0,9,674,449,22,24,7,1,0,2015,0,0
Norwich City,36.8,2,7,529,357,16,35,3,3,1,2015,1,2
Arsenal,63.2,3,12,813,625,14,22,6,2,1,2015,0,2
Tottenham Hotspur,57.7,4,9,710,497,15,41,4,2,0,2015,1,2
Chelsea,42.3,1,5,563,360,23,21,4,4,0,2015,0,2
West Ham United,60.9,6,17,637,435,20,24,5,0,1,2015,1,2
West Bromwich Albion,39.1,3,7,479,274,23,25,2,2,1,2015,0,2
Arsenal,72.5,7,16,894,713,20,20,3,1,3,2015,1,1
Sunderland,27.5,4,11,443,257,13,34,2,1,1,2015,0,0
Chelsea,62.9,6,19,771,524,21,20,11,2,0,2015,1,0
AFC Bournemouth,37.1,5,15,555,323,19,36,4,1,1,2015,0,1
Manchester United,62.6,1,21,718,496,18,11,6,2,0,2015,1,2
West Ham United,37.4,2,9,518,302,27,34,2,1,0,2015,0,2
Southampton,63.1,5,23,756,539,25,9,10,3,1,2015,1,2
Aston Villa,36.9,2,9,531,332,12,34,4,0,1,2015,0,2
Stoke City,46.5,4,7,651,413,17,18,1,3,2,2015,1,1
Manchester City,53.5,4,11,664,462,27,7,6,0,0,2015,0,0
Swansea City,59.0,2,10,783,543,20,31,3,2,0,2015,1,0
Leicester City,41.0,5,16,572,386,19,22,8,2,3,2015,0,1
Watford,50.4,7,14,594,385,11,37,4,4,2,2015,1,1
Norwich City,49.6,1,7,563,373,9,44,1,5,0,2015,0,0
West Bromwich Albion,35.4,4,11,485,286,15,15,3,2,1,2015,1,2
Tottenham Hotspur,64.6,4,9,752,559,15,23,6,1,1,2015,0,2
Newcastle United,39.8,1,6,586,389,26,22,2,1,2,2015,1,1
Liverpool,60.2,1,10,782,574,26,11,7,2,0,2015,0,0
Everton,62.0,4,19,762,527,24,24,13,0,1,2015,1,2
Crystal Palace,38.0,5,14,573,331,25,40,6,3,1,2015,0,2
AFC Bournemouth,43.5,5,11,597,370,27,39,5,1,2,2015,1,1
Manchester United,56.5,5,11,681,474,23,17,7,2,1,2015,0,0
Crystal Palace,43.8,5,12,518,296,17,40,8,3,1,2015,1,1
Southampton,56.2,3,15,611,397,14,47,5,0,0,2015,0,0
Manchester City,53.0,5,13,732,557,15,24,5,3,2,2015,1,1
Swansea City,47.0,7,13,669,492,16,16,5,6,1,2015,0,0
Norwich City,41.3,2,9,565,401,18,35,5,1,1,2015,1,2
Everton,58.7,3,15,761,573,11,23,4,1,1,2015,0,2
Sunderland,48.6,2,14,624,416,8,28,8,3,0,2015,1,0
Watford,51.4,8,13,660,465,19,28,3,2,1,2015,0,1
West Ham United,46.7,10,24,571,335,15,35,11,1,0,2015,1,2
Stoke City,53.3,3,12,610,397,21,23,7,0,0,2015,0,2
Aston Villa,45.8,2,18,608,427,16,17,5,2,0,2015,1,0
Arsenal,54.2,4,8,686,522,18,20,5,5,2,2015,0,1
Liverpool,70.4,8,28,822,642,17,8,4,1,2,2015,1,2
West Bromwich Albion,29.6,2,4,457,270,9,41,4,1,2,2015,0,2
Tottenham Hotspur,58.3,8,20,707,477,18,28,6,2,1,2015,1,0
Newcastle United,41.7,4,8,556,335,25,25,2,4,2,2015,0,1
Leicester City,34.4,5,9,489,275,26,33,1,0,2,2015,1,1
Chelsea,65.6,4,11,768,522,14,32,8,2,1,2015,0,0
Chelsea,67.2,7,17,770,577,17,20,2,0,3,2015,1,1
Sunderland,32.8,3,11,476,280,27,32,2,3,1,2015,0,0
Everton,67.4,5,13,754,538,13,21,10,2,2,2015,1,0
Leicester City,32.6,5,10,505,272,30,33,2,2,3,2015,0,1
Manchester United,69.2,2,11,818,605,17,6,11,2,1,2015,1,0
Norwich City,30.8,4,6,499,283,15,69,0,1,2,2015,0,1
Newcastle United,47.2,4,8,594,370,26,32,3,1,1,2015,1,2
Aston Villa,52.8,7,10,659,414,22,17,7,3,1,2015,0,2
Southampton,51.0,4,11,607,386,24,14,4,5,0,2015,1,0
Tottenham Hotspur,49.0,5,12,611,383,20,23,7,2,2,2015,0,1
Stoke City,58.4,5,26,673,469,17,17,7,0,1,2015,1,0
Crystal Palace,41.6,3,12,533,342,16,26,3,1,2,2015,0,1
West Bromwich Albion,32.6,2,7,417,257,10,18,4,0,1,2015,1,0
AFC Bournemouth,67.4,6,16,744,552,12,33,8,3,2,2015,0,1
Swansea City,72.7,2,22,891,678,18,21,8,4,0,2015,1,2
West Ham United,27.3,2,11,459,239,13,41,9,2,0,2015,0,2
Watford,35.1,5,6,474,268,28,23,7,1,3,2015,1,1
Liverpool,64.9,4,12,724,500,19,30,9,10,0,2015,0,0
Arsenal,37.3,5,8,609,386,20,29,4,3,2,2015,1,1
Manchester City,62.7,6,20,854,648,19,27,8,1,1,2015,0,0
Aston Villa,59.1,8,15,665,431,18,29,9,3,1,2015,1,2
West Ham United,40.9,4,10,527,309,21,48,6,1,1,2015,0,2
AFC Bournemouth,55.2,4,10,691,464,26,37,8,2,0,2015,1,2
Crystal Palace,44.8,1,8,592,369,18,28,9,1,0,2015,0,2
Chelsea,62.4,2,17,730,544,21,12,9,2,2,2015,1,2
Watford,37.6,2,12,517,327,29,22,4,1,2,2015,0,2
Liverpool,64.8,5,26,770,518,18,50,7,5,1,2015,1,1
Leicester City,35.2,3,7,517,278,21,47,6,1,0,2015,0,0
Manchester City,66.4,9,19,805,615,15,20,5,3,4,2015,1,1
Sunderland,33.6,3,11,476,306,20,24,1,1,1,2015,0,0
Newcastle United,40.9,1,10,552,365,23,28,3,0,0,2015,1,0
Everton,59.1,7,20,751,517,18,16,7,3,1,2015,0,1
Southampton,35.2,5,14,489,312,22,22,3,6,4,2015,1,1
Arsenal,64.8,5,8,759,571,11,20,4,1,0,2015,0,0
Stoke City,41.5,3,13,541,334,24,27,1,3,2,2015,1,1
Manchester United,58.5,6,11,635,453,16,10,12,1,0,2015,0,0
Swansea City,55.5,2,7,703,513,15,28,0,1,1,2015,1,1
West Bromwich Albion,44.5,3,9,586,386,14,10,7,2,0,2015,0,0
Tottenham Hotspur,59.8,10,15,747,533,18,19,9,3,3,2015,1,1
Norwich City,40.2,3,11,564,354,18,31,4,8,0,2015,0,0
Arsenal,51.4,6,12,726,530,18,11,9,1,2,2015,1,1
AFC Bournemouth,48.6,3,10,696,516,20,27,3,1,0,2015,0,0
Crystal Palace,53.6,2,10,611,407,12,14,7,4,0,2015,1,2
Swansea City,46.4,3,5,556,373,11,39,4,1,0,2015,0,2
Everton,51.3,3,15,684,481,19,17,6,2,3,2015,1,0
Stoke City,48.7,5,8,658,472,21,31,2,5,4,2015,0,1
Manchester United,66.8,2,12,802,617,21,10,5,2,0,2015,1,2
Chelsea,33.2,3,8,507,312,26,29,3,0,0,2015,0,2
Norwich City,48.2,4,9,541,361,20,23,3,2,2,2015,1,1
Aston Villa,51.8,3,6,595,383,20,30,7,0,0,2015,0,0
Watford,37.5,1,9,521,312,15,22,5,2,1,2015,1,0
Tottenham Hotspur,62.5,3,10,735,525,12,30,3,1,2,2015,0,1
West Bromwich Albion,51.7,5,22,576,343,20,16,18,2,1,2015,1,1
Newcastle United,48.3,2,7,549,334,15,47,6,1,0,2015,0,0
West Ham United,49.1,5,13,640,408,23,41,4,1,2,2015,1,1
Southampton,50.9,3,14,638,409,21,27,7,2,1,2015,0,0
Leicester City,39.3,4,11,557,329,14,36,1,2,0,2015,1,2
Manchester City,60.7,5,21,743,498,18,35,13,1,0,2015,0,2
Sunderland,42.3,3,8,556,326,13,46,6,1,0,2015,1,0
Liverpool,57.7,6,17,668,465,16,29,4,0,1,2015,0,1
Arsenal,51.0,3,15,677,468,19,13,7,2,1,2015,1,1
Newcastle United,49.0,6,15,649,454,20,16,4,0,0,2015,0,0
Leicester City,53.5,2,16,681,479,18,8,7,0,0,2015,1,2
AFC Bournemouth,46.5,0,9,642,426,24,45,1,2,0,2015,0,2
Manchester United,54.7,6,19,708,515,19,7,4,1,2,2015,1,1
Swansea City,45.3,4,9,618,430,16,26,2,1,1,2015,0,0
Norwich City,41.6,1,10,547,356,9,47,4,2,1,2015,1,1
Southampton,58.4,4,10,664,494,19,23,9,2,0,2015,0,0
Sunderland,44.9,5,13,571,381,21,33,3,2,3,2015,1,1
Aston Villa,55.1,3,8,661,470,14,22,3,2,1,2015,0,0
Watford,48.5,4,12,649,410,18,19,4,0,1,2015,1,0
Manchester City,51.5,5,16,676,436,28,40,5,1,2,2015,0,1
West Bromwich Albion,45.7,5,17,537,360,16,16,4,1,2,2015,1,1
Stoke City,54.3,3,10,605,429,13,21,6,1,1,2015,0,0
West Ham United,35.6,10,18,527,285,22,54,3,1,2,2015,1,1
Liverpool,64.4,2,23,739,501,18,19,9,3,0,2015,0,0
Crystal Palace,39.8,4,8,571,373,17,19,5,3,0,2015,1,0
Chelsea,60.2,4,10,785,593,23,21,7,0,3,2015,0,1
Everton,40.8,3,12,632,406,21,33,4,3,1,2015,1,2
Tottenham Hotspur,59.2,4,19,805,599,18,25,4,1,1,2015,0,2
Aston Villa,51.3,3,13,642,434,25,26,9,2,1,2015,1,1
Crystal Palace,48.7,1,9,639,427,10,18,0,5,0,2015,0,0
AFC Bournemouth,48.7,4,11,638,413,18,25,4,0,1,2015,1,0
West Ham United,51.3,5,10,646,432,21,20,7,4,3,2015,0,1
Newcastle United,54.2,6,14,725,514,27,14,5,3,3,2015,1,2
Manchester United,45.8,4,12,647,432,22,27,3,1,3,2015,0,2
Chelsea,61.1,2,14,719,528,13,34,7,1,2,2015,1,2
West Bromwich Albion,38.9,6,13,519,317,21,18,7,1,2,2015,0,2
Liverpool,59.5,6,22,762,535,21,20,9,4,3,2015,1,2
Arsenal,40.5,5,14,589,378,20,40,3,5,3,2015,0,2
Manchester City,55.0,5,22,745,544,16,15,12,3,0,2015,1,2
Everton,45.0,2,7,659,468,14,35,5,4,0,2015,0,2
Southampton,50.6,7,15,672,458,22,30,8,4,2,2015,1,1
Watford,49.4,1,4,654,465,11,29,1,3,0,2015,0,0
Stoke City,64.4,4,14,800,621,21,13,7,2,3,2015,1,1
Norwich City,35.6,2,5,524,348,10,29,3,1,1,2015,0,0
Swansea City,51.2,5,10,617,451,11,10,8,2,2,2015,1,0
Sunderland,48.8,4,7,594,430,22,33,6,2,4,2015,0,1
Tottenham Hotspur,61.7,5,21,707,454,14,37,16,2,0,2015,1,0
Leicester City,38.3,2,10,529,293,28,51,8,2,1,2015,0,1
Aston Villa,56.5,5,14,718,500,18,17,3,1,1,2015,1,2
Leicester City,43.5,5,12,597,398,20,33,4,4,1,2015,0,2
AFC Bournemouth,45.4,8,15,580,353,19,26,5,1,3,2015,1,1
Norwich City,54.6,3,10,616,418,21,21,3,4,0,2015,0,0
Chelsea,54.9,7,14,765,569,26,15,6,3,3,2015,1,2
Everton,45.1,4,9,681,477,18,34,4,1,3,2015,0,2
Manchester City,52.8,4,17,696,490,22,34,5,0,4,2015,1,1
Crystal Palace,47.2,3,9,620,426,24,10,6,1,0,2015,0,0
Newcastle United,50.7,10,23,671,457,24,21,3,2,2,2015,1,1
West Ham United,49.3,3,10,648,436,23,17,3,1,1,2015,0,0
Southampton,55.8,5,9,646,465,14,34,1,2,3,2015,1,1
West Bromwich Albion,44.2,0,10,527,355,16,21,3,4,0,2015,0,0
Tottenham Hotspur,66.6,11,26,811,621,18,19,11,1,4,2015,1,1
Sunderland,33.4,2,5,501,316,19,33,3,3,1,2015,0,0
Liverpool,53.3,4,19,705,491,36,11,5,3,0,2015,1,0
Manchester United,46.7,1,7,666,431,26,33,4,0,1,2015,0,1
Stoke City,45.0,6,14,594,406,9,18,6,9,0,2015,1,2
Arsenal,55.0,3,8,707,495,11,34,6,0,0,2015,0,2
Swansea City,56.7,2,10,763,501,17,57,6,5,1,2015,1,1
Watford,43.3,2,12,607,378,32,29,3,0,0,2015,0,0
Crystal Palace,36.1,3,11,516,290,22,24,3,0,1,2015,1,0
Tottenham Hotspur,63.9,11,24,779,533,17,44,10,2,3,2015,0,1
Leicester City,45.2,5,15,586,359,19,19,8,1,3,2015,1,1
Stoke City,54.8,2,3,639,441,20,25,4,0,0,2015,0,0
Manchester United,55.4,1,8,651,457,9,22,4,2,0,2015,1,0
Southampton,44.6,2,7,579,361,18,28,4,1,1,2015,0,1
Norwich City,47.9,5,6,615,401,20,32,3,1,4,2015,1,0
Liverpool,52.1,7,13,655,445,22,31,3,4,5,2015,0,1
Sunderland,42.7,5,10,592,377,20,37,3,2,1,2015,1,2
AFC Bournemouth,57.3,5,15,752,505,23,35,4,1,1,2015,0,2
Watford,51.3,5,13,695,473,31,17,2,1,2,2015,1,1
Newcastle United,48.7,2,11,632,431,18,17,7,1,1,2015,0,0
West Bromwich Albion,39.4,0,4,492,279,17,34,2,1,0,2015,1,2
Aston Villa,60.6,4,15,655,445,21,33,6,1,0,2015,0,2
West Ham United,46.7,3,10,626,401,23,24,5,1,2,2015,1,2
Manchester City,53.3,3,16,698,474,16,36,2,1,2,2015,0,2
Arsenal,46.6,1,9,671,466,17,14,6,1,0,2015,1,0
Chelsea,53.4,6,12,743,549,23,25,7,7,1,2015,0,1
Everton,59.7,2,20,810,592,16,11,7,2,1,2015,1,0
Swansea City,40.3,5,7,620,422,15,37,1,0,2,2015,0,1
Arsenal,66.7,11,22,807,535,23,14,13,0,0,2015,1,2
Southampton,33.3,3,14,527,274,32,31,3,2,0,2015,0,2
Crystal Palace,50.6,3,14,606,384,11,21,5,3,1,2015,1,0
AFC Bournemouth,49.4,4,8,578,386,16,45,3,0,2,2015,0,1
Leicester City,36.1,6,13,570,325,16,39,3,3,2,2015,1,1
Liverpool,63.9,1,14,807,566,30,29,12,2,0,2015,0,0
Manchester United,46.9,5,15,642,461,21,27,2,3,3,2015,1,1
Stoke City,53.1,0,10,680,519,12,8,5,1,0,2015,0,0
Norwich City,45.8,3,11,561,355,17,32,6,5,0,2015,1,0
Tottenham Hotspur,54.2,6,17,629,426,24,28,8,0,3,2015,0,1
Sunderland,49.6,3,11,650,411,33,39,8,4,0,2015,1,0
Manchester City,50.4,2,7,664,431,21,45,4,2,1,2015,0,1
West Bromwich Albion,45.3,7,17,599,373,14,17,7,2,1,2015,1,2
Swansea City,54.7,4,18,686,481,10,45,7,0,1,2015,0,2
West Ham United,68.0,6,25,857,657,16,19,5,5,2,2015,1,1
Aston Villa,32.0,2,5,475,303,20,25,5,0,0,2015,0,0
Everton,55.8,7,18,706,480,30,27,3,0,3,2015,1,1
Newcastle United,44.2,3,7,586,372,21,18,3,1,0,2015,0,0
Watford,45.0,3,12,673,449,20,21,7,0,0,2015,1,2
Chelsea,55.0,4,12,767,555,22,23,7,2,0,2015,0,2
Aston Villa,48.3,2,10,595,386,16,38,2,1,2,2015,1,1
Norwich City,51.7,5,13,605,400,20,27,11,5,0,2015,0,0
Liverpool,71.3,5,16,889,692,16,10,7,3,2,2015,1,2
Sunderland,28.7,2,7,464,282,19,46,2,2,2,2015,0,2
Manchester City,65.9,4,22,810,565,14,29,11,1,1,2015,1,0
Leicester City,34.1,7,14,512,296,27,27,4,1,3,2015,0,1
Newcastle United,68.9,7,19,704,506,13,12,8,1,1,2015,1,1
West Bromwich Albion,31.1,0,7,415,228,18,29,4,2,0,2015,0,0
Southampton,35.2,2,8,471,280,19,47,4,0,1,2015,1,1
West Ham United,64.8,2,18,714,503,19,24,5,3,0,2015,0,0
Stoke City,65.5,3,12,813,616,13,7,6,1,0,2015,1,0
Everton,34.5,6,14,541,326,25,35,4,1,3,2015,0,1
Swansea City,58.5,3,18,717,465,26,35,9,1,1,2015,1,2
Crystal Palace,41.5,2,12,570,336,22,35,5,0,1,2015,0,2
Tottenham Hotspur,65.9,8,25,795,555,14,17,15,2,1,2015,1,1
Watford,34.1,0,3,535,297,23,35,1,3,0,2015,0,0
AFC Bournemouth,50.7,4,17,715,485,22,24,7,3,0,2015,1,0
Arsenal,49.3,5,10,698,487,19,32,3,6,2,2015,0,1
Chelsea,49.3,5,16,641,413,23,26,10,1,1,2015,1,2
Manchester United,50.7,7,17,662,435,20,30,11,1,1,2015,0,2
AFC Bournemouth,65.7,2,11,731,550,15,8,9,1,1,2015,1,0
Stoke City,34.3,6,11,484,290,16,30,2,2,3,2015,0,1
Chelsea,54.9,7,14,747,555,21,19,8,2,5,2015,1,1
Newcastle United,45.1,3,10,643,452,14,16,5,0,1,2015,0,0
Crystal Palace,53.9,5,15,635,384,18,24,8,6,1,2015,1,0
Watford,46.1,4,10,576,344,30,34,3,0,2,2015,0,1
Everton,75.9,6,33,882,644,14,17,14,1,0,2015,1,0
West Bromwich Albion,24.1,1,5,448,215,17,64,1,2,1,2015,0,1
Norwich City,48.4,3,13,564,376,21,25,3,3,2,2015,1,2
West Ham United,51.6,6,11,629,401,14,23,3,8,2,2015,0,2
Sunderland,33.7,5,21,465,251,16,46,6,2,2,2015,1,1
Manchester United,66.3,6,12,694,501,17,21,8,6,1,2015,0,0
Swansea City,54.4,2,13,670,466,11,27,5,0,0,2015,1,0
Southampton,45.6,5,14,610,401,11,58,4,2,1,2015,0,1
Arsenal,72.1,6,24,943,671,17,18,11,5,2,2015,1,1
Leicester City,27.9,3,7,491,269,37,32,1,2,1,2015,0,0
Aston Villa,39.3,1,6,600,410,19,24,0,0,0,2015,1,0
Liverpool,60.7,9,11,811,635,24,17,6,1,6,2015,0,1
Manchester City,46.0,4,19,705,468,26,23,7,4,1,2015,1,0
Tottenham Hotspur,54.0,3,6,788,564,33,34,1,1,2,2015,0,1
Leicester City,58.1,3,13,655,462,14,10,3,1,1,2015,1,1
Norwich City,41.9,1,9,565,337,17,56,4,4,0,2015,0,0
Southampton,34.6,2,7,514,338,14,28,7,5,1,2015,1,0
Chelsea,65.4,4,16,842,660,13,33,8,2,2,2015,0,1
Stoke City,55.3,3,11,684,492,10,19,11,2,2,2015,1,1
Aston Villa,44.7,1,5,586,408,15,32,0,2,1,2015,0,0
Watford,46.9,1,14,521,313,14,26,4,3,0,2015,1,2
AFC Bournemouth,53.1,3,11,596,350,20,42,5,3,0,2015,0,2
West Bromwich Albion,46.1,5,11,571,370,14,34,3,1,3,2015,1,1
Crystal Palace,53.9,2,15,605,427,11,16,6,1,2,2015,0,0
West Ham United,52.8,3,9,625,417,17,24,5,0,1,2015,1,1
Sunderland,47.2,4,13,587,377,26,26,6,2,0,2015,0,0
Manchester United,39.2,5,7,534,349,24,27,2,2,3,2015,1,1
Arsenal,60.8,5,13,737,541,14,18,3,1,2,2015,0,0
Tottenham Hotspur,57.2,15,34,675,450,11,25,7,3,2,2015,1,1
Swansea City,42.8,4,10,547,335,18,47,7,3,1,2015,0,0
Aston Villa,46.8,5,14,667,457,19,18,9,0,1,2015,1,0
Everton,53.2,7,10,750,538,20,44,8,1,3,2015,0,1
AFC Bournemouth,45.4,4,9,529,336,12,30,10,1,2,2015,1,1
Southampton,54.6,1,6,604,424,13,38,2,4,0,2015,0,0
Leicester City,65.0,4,22,706,488,23,14,11,1,2,2015,1,2
West Bromwich Albion,35.0,3,11,496,273,14,38,3,4,2,2015,0,2
Norwich City,47.0,2,13,645,447,13,19,4,3,1,2015,1,0
Chelsea,53.0,2,10,732,520,22,27,4,2,2,2015,0,1
Sunderland,59.2,6,17,632,427,17,22,4,0,2,2015,1,2
Crystal Palace,40.8,5,13,488,293,13,24,5,3,2,2015,0,2
Arsenal,62.6,4,17,834,621,28,15,7,3,1,2015,1,0
Swansea City,37.4,2,11,572,369,19,33,3,3,2,2015,0,1
Liverpool,49.6,7,11,691,468,34,23,3,4,3,2015,1,1
Manchester City,50.4,1,4,693,470,27,27,2,1,0,2015,0,0
Manchester United,61.3,3,14,717,504,21,8,9,2,1,2015,1,1
Watford,38.7,4,13,505,307,26,24,7,0,0,2015,0,0
Stoke City,55.3,2,9,668,459,29,26,5,1,1,2015,1,1
Newcastle United,44.7,3,5,575,373,18,27,1,1,0,2015,0,0
West Ham United,34.9,3,14,517,266,19,33,6,7,1,2015,1,1
Tottenham Hotspur,65.1,3,9,730,502,32,20,3,2,0,2015,0,0
Chelsea,48.7,7,20,648,441,18,17,8,3,1,2015,1,2
Stoke City,51.3,5,17,693,477,21,18,4,4,1,2015,0,2
Everton,41.6,8,15,550,343,19,33,9,1,2,2015,1,0
West Ham United,58.4,5,17,702,476,23,24,6,3,3,2015,0,1
Manchester City,71.2,9,22,994,811,17,4,9,2,4,2015,1,1
Aston Villa,28.8,1,2,512,328,23,31,1,0,0,2015,0,0
Newcastle United,49.3,3,14,656,433,26,27,5,1,1,2015,1,0
AFC Bournemouth,50.7,5,16,702,448,20,33,4,1,3,2015,0,1
Southampton,65.1,5,16,707,496,10,40,12,1,1,2015,1,2
Sunderland,34.9,3,11,460,265,12,37,2,1,1,2015,0,2
Swansea City,55.8,3,10,656,428,20,37,5,3,1,2015,1,1
Norwich City,44.2,3,8,547,341,15,37,0,3,0,2015,0,0
Tottenham Hotspur,51.8,11,26,675,423,30,22,9,2,2,2015,1,2
Arsenal,48.2,4,10,646,414,25,34,2,1,2,2015,0,2
Watford,50.2,4,11,637,413,27,21,3,2,0,2015,1,0
Leicester City,49.8,7,14,644,415,26,25,8,1,1,2015,0,1
Crystal Palace,38.5,4,14,541,342,13,17,6,3,1,2015,1,0
Liverpool,61.5,5,19,783,564,23,32,6,2,2,2015,0,1
West Bromwich Albion,46.6,2,9,659,439,19,23,4,5,1,2015,1,1
Manchester United,53.4,1,7,701,503,28,18,5,1,0,2015,0,0
AFC Bournemouth,44.0,4,12,587,365,19,24,5,1,3,2015,1,1
Swansea City,56.0,4,13,686,463,29,24,3,1,2,2015,0,0
Norwich City,33.9,0,5,538,319,27,48,3,2,0,2015,1,2
Manchester City,66.1,3,15,846,625,21,36,8,1,0,2015,0,2
Stoke City,60.6,2,13,744,535,21,15,1,0,1,2015,1,0
Southampton,39.4,4,11,548,345,20,42,4,1,2,2015,0,1
Aston Villa,37.5,2,12,571,327,23,25,5,3,0,2015,1,0
Tottenham Hotspur,62.5,8,19,779,574,21,37,8,2,2,2015,0,1
Leicester City,49.9,1,10,686,458,21,19,8,0,1,2015,1,1
Newcastle United,50.1,2,12,679,466,26,26,4,1,0,2015,0,0
Chelsea,59.4,5,22,743,534,18,18,10,1,2,2015,1,2
West Ham United,40.6,6,13,563,364,20,27,9,2,2,2015,0,2
Crystal Palace,55.9,4,13,672,428,15,26,10,1,0,2015,1,0
Leicester City,44.1,3,8,581,346,28,44,7,1,1,2015,0,1
Everton,54.3,2,8,721,506,24,14,7,1,0,2015,1,0
Arsenal,45.7,3,11,684,449,20,32,5,3,2,2015,0,1
Swansea City,53.8,1,10,725,466,19,49,4,3,1,2015,1,1
Aston Villa,46.2,2,12,629,387,27,23,6,0,0,2015,0,0
Watford,52.1,4,9,672,454,19,16,9,2,1,2015,1,0
Stoke City,47.9,6,9,639,432,18,38,2,4,2,2015,0,1
West Bromwich Albion,50.1,0,10,573,361,17,36,4,4,0,2015,1,0
Norwich City,49.9,1,7,583,363,20,49,3,2,1,2015,0,1
Manchester City,54.5,3,26,711,454,21,29,11,2,0,2015,1,0
Manchester United,45.5,4,5,590,398,26,23,5,1,1,2015,0,1
Newcastle United,59.9,8,17,661,434,24,31,2,1,1,2015,1,2
Sunderland,40.1,4,14,510,299,25,34,5,1,1,2015,0,2
Southampton,49.2,5,16,680,466,18,31,3,3,3,2015,1,1
Liverpool,50.8,8,17,667,485,11,24,5,2,2,2015,0,0
Tottenham Hotspur,62.8,8,17,784,601,20,25,4,3,3,2015,1,1
AFC Bournemouth,37.2,0,2,566,338,20,29,5,5,0,2015,0,0
Arsenal,69.0,12,19,960,773,13,25,8,1,4,2015,1,1
Watford,31.0,3,7,514,328,20,23,3,3,0,2015,0,0
Aston Villa,41.7,4,15,603,411,23,12,7,0,0,2015,1,0
Chelsea,58.3,8,11,801,604,21,20,2,3,4,2015,0,1
AFC Bournemouth,45.6,2,11,651,459,17,20,4,2,0,2015,1,0
Manchester City,54.4,7,15,735,557,27,17,4,4,4,2015,0,1
Liverpool,42.2,7,15,604,367,29,28,12,0,1,2015,1,2
Tottenham Hotspur,57.8,5,18,772,520,17,28,9,1,1,2015,0,2
Norwich City,42.7,6,13,542,344,11,31,6,4,3,2015,1,1
Newcastle United,57.3,5,13,680,475,12,32,5,3,2,2015,0,0
Stoke City,47.2,5,12,626,449,16,21,5,5,2,2015,1,2
Swansea City,52.8,3,12,678,490,12,23,5,1,2,2015,0,2
Sunderland,56.8,6,22,620,395,16,38,9,5,0,2015,1,2
West Bromwich Albion,43.2,0,3,498,305,13,29,3,0,0,2015,0,2
West Ham United,66.6,6,18,701,499,12,27,4,2,2,2015,1,2
Crystal Palace,33.4,5,12,426,227,18,22,5,5,2,2015,0,2
Leicester City,46.0,4,11,575,364,22,41,7,2,1,2015,1,1
Southampton,54.0,2,10,650,407,20,38,8,2,0,2015,0,0
Manchester United,54.4,2,10,718,514,13,23,5,2,1,2015,1,1
Everton,45.6,1,7,642,428,30,21,5,3,0,2015,0,0
Aston Villa,41.4,1,6,563,381,22,20,3,2,1,2015,1,0
AFC Bournemouth,58.6,3,12,745,548,13,29,8,1,2,2015,0,1
Crystal Palace,52.0,7,13,527,315,11,23,10,3,1,2015,1,1
Norwich City,48.0,4,13,496,301,7,35,4,2,0,2015,0,0
Manchester City,62.1,4,13,737,548,11,27,8,3,2,2015,1,1
West Bromwich Albion,37.9,2,13,514,316,21,24,8,1,1,2015,0,0
Southampton,50.6,6,20,640,429,15,21,11,2,3,2015,1,1
Newcastle United,49.4,3,5,619,426,20,31,2,1,1,2015,0,0
Swansea City,39.3,6,12,633,403,26,32,1,1,1,2015,1,1
Chelsea,60.7,2,8,830,616,17,15,9,3,0,2015,0,0
Watford,41.9,4,13,509,326,19,19,7,3,1,2015,1,2
Everton,58.1,7,12,651,455,14,26,6,3,1,2015,0,2
West Ham United,39.3,7,19,562,355,19,27,7,2,3,2015,1,2
Arsenal,60.7,6,11,769,566,18,17,4,1,3,2015,0,2
Liverpool,52.9,6,14,672,485,18,16,6,1,4,2015,1,1
Stoke City,47.1,3,11,613,429,19,20,3,3,1,2015,0,0
Sunderland,44.8,1,15,619,339,35,66,1,2,0,2015,1,0
Leicester City,55.2,7,16,661,408,24,36,7,1,2,2015,0,1
Tottenham Hotspur,47.0,8,16,635,395,27,31,2,3,3,2015,1,1
Manchester United,53.0,1,5,657,442,24,21,7,3,0,2015,0,0
Crystal Palace,56.9,7,19,747,510,23,30,10,0,0,2015,1,2
Everton,43.1,5,9,610,399,16,46,7,1,0,2015,0,2
Chelsea,51.8,4,11,719,529,20,8,11,5,0,2015,1,0
Manchester City,48.2,8,11,733,509,13,33,3,1,3,2015,0,1
Everton,49.3,2,7,593,392,11,51,3,0,1,2015,1,2
Southampton,50.7,4,17,580,378,15,16,10,3,1,2015,0,2
Manchester United,66.2,4,13,749,581,18,10,14,4,1,2015,1,1
Aston Villa,33.8,1,7,506,294,21,23,3,0,0,2015,0,0
Newcastle United,34.5,7,12,509,290,22,18,3,4,3,2015,1,1
Swansea City,65.5,1,11,772,561,20,16,7,0,0,2015,0,0
Norwich City,64.0,7,19,603,404,9,18,14,3,0,2015,1,0
Sunderland,36.0,3,8,454,240,14,79,0,5,3,2015,0,1
West Bromwich Albion,56.7,4,17,661,425,13,18,9,1,0,2015,1,0
Watford,43.3,4,11,554,349,17,31,3,0,1,2015,0,1
Arsenal,71.7,6,21,936,737,16,16,10,2,1,2015,1,2
Crystal Palace,28.3,3,7,476,278,17,35,5,2,1,2015,0,2
AFC Bournemouth,51.3,5,18,720,503,22,9,5,2,1,2015,1,0
Liverpool,48.7,6,19,716,492,21,18,4,3,2,2015,0,1
Leicester City,43.5,2,6,511,332,14,33,0,2,2,2015,1,2
West Ham United,56.5,4,19,616,407,12,18,5,0,2,2015,0,2
Stoke City,51.2,2,12,617,410,25,24,5,0,0,2015,1,0
Tottenham Hotspur,48.8,6,23,622,396,24,24,3,1,4,2015,0,1
Newcastle United,43.2,3,5,626,393,19,33,5,2,1,2015,1,2
Manchester City,56.8,5,9,739,522,27,30,3,3,1,2015,0,2
Liverpool,66.6,13,37,813,595,19,12,9,2,4,2015,1,1
Everton,33.4,0,3,493,311,17,32,1,1,0,2015,0,0
Manchester United,66.3,10,16,826,633,29,14,10,3,2,2015,1,1
Crystal Palace,33.7,0,5,542,321,23,20,2,1,0,2015,0,0
West Ham United,46.2,7,18,597,376,18,13,4,2,3,2015,1,1
Watford,53.8,4,7,634,438,25,16,2,2,1,2015,0,0
Arsenal,71.4,7,16,915,723,12,15,2,3,2,2015,1,1
West Bromwich Albion,28.6,1,8,434,274,17,12,6,0,0,2015,0,0
Aston Villa,42.0,7,16,606,386,21,28,6,0,2,2015,1,0
Southampton,58.0,7,17,738,536,21,17,11,4,4,2015,0,1
AFC Bournemouth,45.3,4,13,645,446,20,19,10,0,1,2015,1,0
Chelsea,54.7,4,16,759,560,24,22,7,3,4,2015,0,1
Liverpool,67.0,4,13,841,609,24,21,5,3,2,2015,1,2
Newcastle United,33.0,3,6,547,296,31,47,4,1,2,2015,0,2
Manchester City,53.2,6,11,654,501,16,12,9,1,4,2015,1,1
Stoke City,46.8,2,14,622,446,18,17,4,2,0,2015,0,0
Leicester City,38.3,9,18,627,392,30,25,4,3,4,2015,1,1
Swansea City,61.7,1,9,868,623,28,19,6,1,0,2015,0,0
Sunderland,29.8,3,12,463,268,13,33,7,5,0,2015,1,2
Arsenal,70.2,7,20,859,659,6,21,7,4,0,2015,0,2
Tottenham Hotspur,66.5,2,18,755,537,19,35,9,1,1,2015,1,2
West Bromwich Albion,33.5,3,16,456,260,20,26,7,1,1,2015,0,2
Arsenal,68.6,3,14,899,697,17,21,7,3,1,2015,1,1
Norwich City,31.4,3,12,494,305,17,23,3,2,0,2015,0,0
Everton,56.5,5,12,780,608,19,20,3,1,2,2015,1,1
AFC Bournemouth,43.5,2,16,657,455,17,31,5,1,1,2015,0,0
Newcastle United,49.5,4,10,612,394,27,31,4,0,1,2015,1,1
Crystal Palace,50.5,3,9,617,399,18,21,8,1,0,2015,0,0
Stoke City,53.6,3,11,567,369,15,28,2,1,1,2015,1,2
Sunderland,46.4,5,14,483,306,15,15,8,1,1,2015,0,2
Watford,64.7,6,18,778,588,14,14,8,1,3,2015,1,1
Aston Villa,35.3,2,7,527,332,17,32,4,3,2,2015,0,0
West Bromwich Albion,40.9,5,15,529,332,13,19,8,3,0,2015,1,0
West Ham United,59.1,4,8,703,493,16,37,6,1,3,2015,0,1
Manchester United,70.5,6,21,822,592,14,19,6,1,1,2015,1,2
Leicester City,29.5,3,14,480,248,25,36,5,0,1,2015,0,2
Southampton,40.2,7,14,594,384,38,13,8,3,4,2015,1,1
Manchester City,59.8,5,6,804,576,24,26,2,0,2,2015,0,0
Swansea City,47.6,9,18,678,480,20,12,4,1,3,2015,1,1
Liverpool,52.4,3,11,728,533,20,27,7,0,1,2015,0,0
Chelsea,47.3,5,13,588,366,24,22,7,3,2,2015,1,2
Tottenham Hotspur,52.7,5,16,616,408,23,19,8,0,2,2015,0,2
Aston Villa,45.9,0,2,625,409,21,32,0,1,0,2015,1,2
Newcastle United,54.1,3,9,693,455,17,33,5,1,0,2015,0,2
AFC Bournemouth,68.3,4,12,776,567,24,19,5,1,1,2015,1,2
West Bromwich Albion,31.7,4,12,463,255,28,16,3,3,1,2015,0,2
Crystal Palace,57.8,4,17,585,390,8,10,4,1,2,2015,1,1
Stoke City,42.2,3,12,462,293,16,27,3,3,1,2015,0,0
Leicester City,41.3,8,31,562,340,17,19,12,2,3,2015,1,1
Everton,58.7,5,9,700,504,24,19,4,1,1,2015,0,0
Norwich City,33.1,2,8,466,272,14,18,1,0,0,2015,1,0
Manchester United,66.9,2,15,767,579,19,18,6,1,1,2015,0,1
Sunderland,31.4,4,14,450,287,15,9,3,6,3,2015,1,1
Chelsea,68.6,8,9,821,652,15,23,3,1,2,2015,0,0
West Ham United,51.9,7,25,622,427,10,11,13,3,1,2015,1,0
Swansea City,48.1,6,13,617,408,16,31,3,2,4,2015,0,1
Liverpool,66.1,5,19,756,563,22,24,8,2,2,2015,1,1
Watford,33.9,3,14,487,271,17,25,8,1,0,2015,0,0
Manchester City,57.2,3,14,747,505,22,28,7,3,2,2015,1,2
Arsenal,42.8,2,5,618,383,26,32,2,3,2,2015,0,2
Tottenham Hotspur,69.8,6,20,803,586,14,25,10,1,1,2015,1,0
Southampton,30.2,2,10,461,257,26,45,2,4,2,2015,0,1
West Ham United,41.3,6,20,538,324,18,14,6,1,3,2015,1,1
Manchester United,58.7,2,3,659,473,25,26,2,2,2,2015,0,0
Liverpool,55.3,9,28,768,546,25,19,7,1,1,2015,1,2
Chelsea,44.7,7,13,666,446,23,21,3,2,1,2015,0,2
Norwich City,55.6,6,18,716,495,8,19,5,5,4,2015,1,1
Watford,44.4,7,12,586,399,29,13,1,3,2,2015,0,0
Sunderland,37.7,8,14,545,352,12,34,5,2,3,2015,1,1
Everton,62.3,6,17,774,596,19,24,5,1,0,2015,0,0
Arsenal,59.6,7,16,774,609,14,12,5,0,4,2015,1,1
Aston Villa,40.4,2,5,591,414,13,26,4,1,0,2015,0,0
Chelsea,54.0,4,17,753,525,26,26,7,8,1,2015,1,2
Leicester City,46.0,5,18,668,444,24,16,6,0,1,2015,0,2
Everton,45.5,8,15,599,382,18,29,4,1,3,2015,1,1
Norwich City,54.5,2,11,650,445,13,28,11,1,0,2015,0,0
Newcastle United,38.5,10,19,538,351,20,35,3,1,5,2015,1,1
Tottenham Hotspur,61.5,5,18,739,551,21,11,8,1,1,2015,0,0
Southampton,49.8,5,19,612,396,15,40,2,2,4,2015,1,1
Crystal Palace,50.2,4,16,584,401,11,19,5,1,1,2015,0,0
Stoke City,46.7,4,7,542,355,28,27,4,6,2,2015,1,1
West Ham United,53.3,8,20,599,401,10,19,10,2,1,2015,0,0
Swansea City,50.0,1,4,676,494,13,27,4,2,1,2015,1,2
Manchester City,50.0,5,18,672,496,17,16,4,2,1,2015,0,2
Watford,54.2,6,21,615,401,13,26,7,1,2,2015,1,2
Sunderland,45.8,4,6,547,346,20,39,4,4,2,2015,0,2
West Bromwich Albion,32.6,1,13,492,285,22,25,7,1,1,2015,1,2
Liverpool,67.4,3,7,813,612,23,23,5,0,1,2015,0,2
Manchester United,66.3,5,12,846,677,17,11,7,4,3,2015,1,1
AFC Bournemouth,33.7,0,7,510,342,16,10,1,2,1,2015,0,0
